<?xml version="1.0" encoding="UTF-8" ?>
<!DOCTYPE log4j:configuration SYSTEM "log4j.dtd">
<log4j:configuration xmlns:log4j="http://jakarta.apache.org/log4j/"  threshold="all">
    <appender name="CONSOLE" class="org.apache.log4j.ConsoleAppender">        <layout class="org.apache.log4j.PatternLayout">           <param name="ConversionPattern" value="[%d{yyyy-MM-dd HH:mm:ss,SSS} %p %c{1}] %m%n"/>          </layout>    </appender>
      <appender name="LOGFILE" class="org.apache.log4j.RollingFileAppender">		<!--<param name="Threshold" value="INFO"/>-->		<param name="File" value="logs/Tririga_Documentum_Iterface.log"/>		<param name="maxFileSize" value="1MB"/>		<param name="maxBackupIndex" value="5"/>		<param name="Append" value="true"/>		<layout class="org.apache.log4j.PatternLayout">        <param name="ConversionPattern" value="[%d{yyyy-MM-dd HH:mm:ss,SSS} %p %c{1}] %m%n"/>  		</layout>	</appender>
	<root>        <level value="INFO"/>
        <appender-ref ref="CONSOLE"/> 	</root>
</log4j:configuration>
