<?xml version="1.0" encoding="UTF-8"?>
<project xmlns="http://maven.apache.org/POM/4.0.0" xmlns:xsi="http://www.w3.org/2001/XMLSchema-instance" xsi:schemaLocation="http://maven.apache.org/POM/4.0.0 http://maven.apache.org/maven-v4_0_0.xsd">
  <modelVersion>4.0.0</modelVersion>
  <groupId>com.tririga.fm</groupId>
  <artifactId>tririga_fm</artifactId>
  <version>1.0.0-SNAPSHOT</version>
  <build>
    <plugins>
      <plugin>
        <artifactId>maven-compiler-plugin</artifactId>
        <version>3.6.1</version>
        <configuration>
          <source>1.8</source>
          <target>1.8</target>
        </configuration>
      </plugin>
      <plugin>
        <artifactId>maven-shade-plugin</artifactId>
        <version>2.4.2</version>
        <executions>
          <execution>
            <phase>package</phase>
            <goals>
              <goal>shade</goal>
            </goals>
            <configuration>
              <addMavenDescriptor>false</addMavenDescriptor>
              <artifactSet>
                <excludes>
                  <exclude>tririga:classes</exclude>
                  <exclude>tririga:tririga-custom-task</exclude>
                  <exclude>tririga:tririga-business-connect</exclude>
                  <exclude>log4j:log4j</exclude>
                </excludes>
              </artifactSet>
              <filters>
                <filter>
                  <artifact>*:*</artifact>
                  <excludes>
                    <exclude>META-INF/maven/**</exclude>
                  </excludes>
                </filter>
              </filters>
            </configuration>
          </execution>
        </executions>
      </plugin>
    </plugins>
  </build>
  <dependencies>
    <dependency>
      <groupId>tririga</groupId>
      <artifactId>classes</artifactId>
      <version>1.0</version>
      <scope>compile</scope>
    </dependency>
    <dependency>
      <groupId>tririga</groupId>
      <artifactId>tririga-custom-task</artifactId>
      <version>1.0</version>
      <scope>compile</scope>
    </dependency>
    <dependency>
      <groupId>tririga</groupId>
      <artifactId>tririga-business-connect</artifactId>
      <version>1.0</version>
      <scope>compile</scope>
    </dependency>
    <dependency>
      <groupId>log4j</groupId>
      <artifactId>log4j</artifactId>
      <version>1.2.17</version>
      <scope>compile</scope>
    </dependency>
  </dependencies>
  <distributionManagement>
    <repository>
      <uniqueVersion>false</uniqueVersion>
      <id>internal-repository</id>
      <name>Walmart Releases</name>
      <url>http://repo.wal-mart.com/content/repositories/walmart</url>
    </repository>
    <snapshotRepository>
      <uniqueVersion>false</uniqueVersion>
      <id>internal-repository</id>
      <name>Walmart Snapshots</name>
      <url>http://repo.wal-mart.com/content/repositories/snapshots</url>
    </snapshotRepository>
  </distributionManagement>
  <properties>
    <project.reporting.outputEncoding>UTF-8</project.reporting.outputEncoding>
    <project.build.sourceEncoding>UTF-8</project.build.sourceEncoding>
  </properties>
</project>

